Version,RNCEmisor,eNCF,FechaEmision,MontoTotal,RNCComprador,Estado,DetalleMotivoRechazo,FechaHoraAprobacionComercial
1.0,131880681,E310000000004,01-04-2020,18283,131631088,1,,01-07-2026 14:18:49
1.0,131880681,E310000000005,01-04-2020,83320,131631088,1,,01-07-2026 14:18:49
1.0,131880681,E310000000007,01-04-2020,228460.5,131631088,1,,01-07-2026 14:18:49
1.0,131880681,E310000000034,01-04-2020,25000000,131631088,1,,01-07-2026 14:18:49
1.0,131880681,E330000000001,02-04-2020,400000,131631088,1,,01-07-2026 14:18:49
1.0,131880681,E340000000002,02-04-2020,566695,131631088,1,,01-07-2026 14:18:49
1.0,131880681,E340000000015,02-04-2020,0,131631088,1,,01-07-2026 14:18:49
1.0,131880681,E440000000007,01-04-2020,432000,131631088,1,,01-07-2026 14:18:49
1.0,131880681,E440000000010,01-04-2020,170150,131631088,1,,01-07-2026 14:18:49
1.0,131880681,E450000000001,01-04-2020,35400,131631088,1,,01-07-2026 14:18:49
1.0,131880681,E450000000008,01-04-2020,105000,131631088,1,,01-07-2026 14:18:49
